{"SelectedFlowers":[170,73,58],"diverseFlowers":[],"dissimilarFlowers":[160,92,137],"new_growup_flowers":[47,95,176],"Diversity_per_round":[1421.977508910957,1089.3744124643874,922.3910224229679,767.7719593284039],"isBee":false,"introClick":1,"introClickExp3":1,"exp3count":1,"midChangeCount":1,"UserProfile":[4.0,2.425,0.0,5.125,4.05,1.0,0.0],"UserProfileCoor":[0.8149744828875155,-0.5849498557701418],"ShowBudNum":10,"RankBudNum":3,"default_RankBudNum":3,"CurrentSelectedFLowerID":58,"experience":2,"ex1round":4,"diversityThreshold":500.0,"exp3_diversityGoal":600.0,"PCRadius":0.9843453929372182,"rankBySim":true,"click":1,"firstClick":{"x":0.37365686893463137,"y":-1.126303791999817,"z":-0.43336254358291628},"correctAnswer0":1,"correctAnswer1":1,"correctAnswer2":3,"correctAnswer3":2,"correctAnswer4":2,"currentQuestionPanel":0,"Delay":0.0,"TimeBeforeNewFlowerGrows":3.0,"similarFlowers":[47,95,176,49,33,148,201,39,117,32],"PlayerPosition":{"x":-0.0934307873249054,"y":-0.04129290208220482,"z":-0.5829968452453613},"welcomePanelActive":false,"selectPanelActive":true,"stepPanelActive":false,"remindDistancePanelActive":false,"stopPanelActive":false,"timeTravelPanelActive":false,"lastButtonPressed":"experience2"}