{"SelectedFlowers":[170,73],"diverseFlowers":[],"dissimilarFlowers":[204,55,183],"new_growup_flowers":[197,58,10],"Diversity_per_round":[1421.977508910957,1089.3744124643874,922.3910224229679],"isBee":false,"introClick":1,"introClickExp3":1,"exp3count":1,"midChangeCount":0,"UserProfile":[4.0,3.05,0.0,4.65,4.6,1.0,0.0],"UserProfileCoor":[0.6311802481954265,-0.3702057461770758],"ShowBudNum":10,"RankBudNum":3,"default_RankBudNum":3,"CurrentSelectedFLowerID":58,"experience":2,"ex1round":4,"diversityThreshold":500.0,"exp3_diversityGoal":600.0,"PCRadius":0.8495305030806711,"rankBySim":true,"click":1,"firstClick":{"x":0.37365686893463137,"y":-1.126303791999817,"z":-0.43336254358291628},"correctAnswer0":1,"correctAnswer1":1,"correctAnswer2":3,"correctAnswer3":2,"correctAnswer4":2,"currentQuestionPanel":0,"Delay":0.0,"TimeBeforeNewFlowerGrows":3.0,"similarFlowers":[197,58,10,49,148,47,117,201,39,95],"PlayerPosition":{"x":-0.10337702184915543,"y":-0.040491361171007159,"z":-0.5953543782234192},"welcomePanelActive":false,"selectPanelActive":true,"stepPanelActive":false,"remindDistancePanelActive":false,"stopPanelActive":false,"timeTravelPanelActive":false,"lastButtonPressed":"experience2"}